<?xml version="1.0" encoding="UTF-8"?>
<beans xmlns="http://www.springframework.org/schema/beans"
	xmlns:xsi="http://www.w3.org/2001/XMLSchema-instance"
	xsi:schemaLocation="http://www.springframework.org/schema/beans http://www.springframework.org/schema/beans/spring-beans.xsd">
<bean id="emp" class="com.capgemini.Employee">
<property name="empNumber" value="1001"></property>
<property name="name" value="Saurabh Mishra"></property>
<property name="address" ref="emp2"></property>
</bean>
<bean id="emp2" class="com.capgemini.Address">
<property name="streetName" value="Kabirnagar"></property>
<property name="cityName" value="Varanasi"></property>
</bean>
</beans>
